<?xml version="1.0" encoding="UTF-8"?>
<project-private xmlns="http://www.netbeans.org/ns/project-private/1">
    <editor-bookmarks xmlns="http://www.netbeans.org/ns/editor-bookmarks/2" lastBookmarkId="0"/>
    <open-files xmlns="http://www.netbeans.org/ns/projectui-open-files/2">
        <group>
            <file>file:/C:/xampp/htdocs/HTML5Application1/public_html/SuperUser.html</file>
            <file>file:/C:/xampp/htdocs/HTML5Application1/public_html/assets/css/main.css</file>
            <file>file:/C:/xampp/htdocs/HTML5Application1/public_html/css/style.css</file>
            <file>file:/C:/xampp/htdocs/HTML5Application1/public_html/signin.html</file>
            <file>file:/C:/xampp/htdocs/HTML5Application1/public_html/productSetting_1.html</file>
            <file>file:/C:/xampp/htdocs/HTML5Application1/public_html/productSetting.html</file>
            <file>file:/C:/xampp/htdocs/HTML5Application1/public_html/signup.html</file>
            <file>file:/C:/xampp/htdocs/HTML5Application1/public_html/css/Table.css</file>
            <file>file:/C:/xampp/htdocs/HTML5Application1/public_html/assets/css/Table.css</file>
            <file>file:/C:/xampp/htdocs/HTML5Application1/public_html/index.html</file>
            <file>file:/C:/xampp/htdocs/HTML5Application1/public_html/about.html</file>
            <file>file:/C:/xampp/htdocs/HTML5Application1/public_html/UserHome.html</file>
            <file>file:/C:/xampp/htdocs/HTML5Application1/public_html/oldPer.html</file>
            <file>file:/C:/xampp/htdocs/HTML5Application1/public_html/contact.html</file>
            <file>file:/C:/xampp/htdocs/HTML5Application1/public_html/licenseHolder.html</file>
        </group>
    </open-files>
</project-private>
